"","mode","price","catch","income","boat","pboat","cboat"
"1","charter",182.93,0.5391,7083.3317,0,157.93,0.2601
"2","charter",34.534,0.4671,1249.9998,0,10.534,0.1574
"3","boat",24.334,0.2413,3749.9999,1,24.334,0.2413
"4","pier",15.134,0.0789,2083.3332,0,55.93,0.1643
"5","boat",41.514,0.1082,4583.332,1,41.514,0.1082
"6","charter",63.934,0.3975,4583.332,0,28.934,0.1665
"7","beach",51.934,0.0678,8750.001,0,191.93,0.1643
"8","charter",56.714,0.0209,2083.3332,0,21.714,0.0102
"9","boat",34.914,0.0233,3749.9999,1,34.914,0.0233
"10","boat",28.314,0.0233,2916.6666,1,28.314,0.0233
"11","pier",34.914,0.0451,3749.9999,0,24.334,0.1574
"12","boat",16.722,0.2413,7083.3317,1,16.722,0.2413
"13","pier",17.862,0.0451,1249.9998,0,4.122,0.0023
"14","pier",15.134,0.0789,2083.3332,0,55.93,0.0014
"15","beach",74.514,0.2537,8750.001,0,74.514,0.2339
"16","pier",33.534,0.0789,5416.6667,0,123.93,0.1643
"17","beach",48.114,0.1049,5416.6667,0,33.534,0.1574
"18","pier",33.462,0.0079,2916.6666,0,7.722,0.0613
"19","boat",11.322,0.0361,4583.332,1,11.322,0.0361
"20","boat",11.322,0.1574,4583.332,1,11.322,0.1574
"21","charter",53.522,0.0058,7916.6663,0,18.522,0.0156
"22","charter",44.322,0.0046,8750.001,0,20.322,0.0023
"23","boat",15.134,0.1665,2083.3332,1,15.134,0.1665
"24","charter",43.734,0.3087,2916.6666,0,19.734,0.0613
"25","charter",69.32,0.6456,2916.6666,0,34.32,0.0559
"26","beach",67.784,0.5333,1249.9998,0,17.862,0.2413
"27","pier",50.32,0.0451,4583.332,0,49.062,0.1574
"28","boat",74.32,0.0897,7083.3317,1,74.32,0.0897
"29","charter",45.534,0.0058,1249.9998,0,10.534,0.0156
"30","charter",54.734,0.0058,2916.6666,0,19.734,0.0156
"31","charter",43.734,0.0046,2916.6666,0,19.734,0.0023
"32","charter",35.322,0.3087,4583.332,0,11.322,0.0613
"33","boat",7.722,0.0023,2916.6666,1,7.722,0.0023
"34","beach",9.522,0.0678,3749.9999,0,78.292,0.0014
"35","pier",25.662,0.0079,2083.3332,0,5.922,0.0613
"36","charter",42.722,0.4216,2916.6666,0,7.722,0.0361
"37","pier",120.004,0.0789,12499.998,0,252.64,0.0014
"38","boat",80.608,0.0531,1249.9998,1,80.608,0.0531
"39","charter",60.004,0.0058,2083.3332,0,25.004,0.0156
"40","pier",32.604,0.0789,2916.6666,0,68.64,0.1643
"41","boat",46.332,0.1643,2916.6666,1,46.332,0.1643
"42","charter",89.912,1.0905,2916.6666,0,54.912,0.0897
"43","boat",15.096,0.2413,4583.332,1,15.096,0.2413
"44","charter",211.208,2.3101,3749.9999,0,186.208,0.7369
"45","charter",50.096,1.0266,4583.332,0,15.096,0.2413
"46","pier",19.896,0.0789,6250.0013,0,89.532,0.0014
"47","charter",57.296,1.0266,7083.3317,0,22.296,0.2413
"48","charter",52.404,1.0266,1249.9998,0,17.404,0.2413
"49","beach",24.334,0.0678,3749.9999,0,89.93,0.1643
"50","beach",11.322,0.0678,4583.332,0,93.092,0.1643
"51","charter",44.522,0.0058,3749.9999,0,9.522,0.0156
"52","pier",5.922,0.0789,2083.3332,0,48.692,0.1643
"53","boat",9.522,0.2413,3749.9999,1,9.522,0.2413
"54","boat",10.534,0.0361,1249.9998,1,10.534,0.0361
"55","charter",52.934,0.3087,4583.332,0,28.934,0.0613
"56","charter",39.134,0.0046,2083.3332,0,15.134,0.0023
"57","charter",42.722,0.0058,2916.6666,0,7.722,0.0156
"58","boat",5.922,0.0613,2083.3332,1,5.922,0.0613
"59","boat",13.122,0.0156,5416.6667,1,13.122,0.0156
"60","charter",42.722,1.0266,2916.6666,0,7.722,0.2413
"61","pier",5.922,0.0789,2083.3332,0,48.692,0.0014
"62","pier",93.092,0.0503,4583.332,0,93.092,0.2601
"63","charter",44.522,0.4216,3749.9999,0,9.522,0.0361
"64","boat",9.522,0.1574,3749.9999,1,9.522,0.1574
"65","pier",9.522,0.0789,3749.9999,0,78.292,0.1643
"66","charter",39.122,1.0266,1249.9998,0,4.122,0.2413
"67","boat",9.522,0.2413,3749.9999,1,9.522,0.2413
"68","charter",44.522,0.3975,3749.9999,0,9.522,0.1665
"69","boat",13.122,0.2413,5416.6667,1,13.122,0.2413
"70","pier",33.462,0.0451,2916.6666,0,7.722,0.1574
"71","boat",7.722,0.0023,2916.6666,1,7.722,0.0023
"72","charter",60.662,0.0209,2083.3332,0,25.662,0.0102
"73","charter",53.522,0.3975,7916.6663,0,18.522,0.1665
"74","boat",13.122,0.0361,5416.6667,1,13.122,0.0361
"75","boat",14.922,0.0023,6250.0013,1,14.922,0.0023
"76","beach",9.522,0.0678,3749.9999,0,78.292,0.1643
"77","beach",24.696,0.0678,7916.6663,0,111.132,0.1643
"78","boat",33.892,0.2601,1249.9998,1,33.892,0.2601
"79","charter",42.722,0.4216,2916.6666,0,7.722,0.0361
"80","boat",5.922,0.2413,2083.3332,1,5.922,0.2413
"81","charter",39.122,0.0058,1249.9998,0,4.122,0.0156
"82","beach",7.722,0.0678,2916.6666,0,63.492,0.0014
"83","boat",9.522,0.1665,3749.9999,1,9.522,0.1665
"84","boat",4.122,0.1574,1249.9998,1,4.122,0.1574
"85","charter",51.962,0.2773,2916.6666,0,33.462,0.0626
"86","boat",39.474,0.6817,416.66668,1,39.474,0.6817
"87","charter",89.714,0.6456,6250.0013,0,54.714,0.0559
"88","boat",34.914,0.0897,3749.9999,1,34.914,0.0897
"89","pier",100.674,0.4522,2083.3332,0,15.134,0.2413
"90","pier",104.214,0.1498,12499.998,0,104.214,0.2339
"91","charter",59.334,0.0058,3749.9999,0,24.334,0.0156
"92","charter",57.534,0.4671,5416.6667,0,33.534,0.1574
"93","boat",66.32,0.0102,6250.0013,1,66.32,0.0102
"94","charter",109.32,0.0209,7083.3317,0,74.32,0.0102
"95","boat",111.462,0.0051,11250.001,1,111.462,0.0051
"96","charter",93.32,0.0209,5416.6667,0,58.32,0.0102
"97","boat",74.32,0.0897,7083.3317,1,74.32,0.0897
"98","charter",79.24,0.1726,6250.0013,0,49.74,0.0732
"99","pier",43.74,0.1498,5416.6667,0,52.488,0.2339
"100","beach",31.74,0.2537,3749.9999,0,38.088,0.2339
"101","beach",19.74,0.2537,2083.3332,0,23.688,0.2339
"102","pier",31.74,0.1498,3749.9999,0,38.088,0.2339
"103","charter",60.74,0.2377,2916.6666,0,25.74,0.0108
"104","charter",54.74,0.6456,2083.3332,0,19.74,0.0559
"105","charter",91.24,0.1726,7916.6663,0,61.74,0.0732
"106","charter",181.77,0.3975,8750.001,0,146.77,0.1665
"107","charter",246.102,2.3014,7083.3317,0,221.102,0.6817
"108","charter",67.24,0.1726,4583.332,0,37.74,0.0732
"109","pier",16.77,0.0789,416.66668,0,32.766,0.1643
"110","boat",68.77,0.2413,3749.9999,1,68.77,0.2413
"111","boat",58.32,0.0108,5416.6667,1,58.32,0.0108
"112","charter",61.32,0.2377,2083.3332,0,26.32,0.0108
"113","charter",47.82,0.1726,1249.9998,0,18.32,0.0732
"114","beach",42.32,0.2537,3749.9999,0,42.32,0.0233
"115","charter",101.32,0.6456,6250.0013,0,66.32,0.0559
"116","charter",65.262,0.4671,3749.9999,0,41.262,0.1574
"117","boat",58.32,0.0233,5416.6667,1,58.32,0.0233
"118","charter",108.002,0.0209,3749.9999,0,73.002,0.0102
"119","charter",97.634,1.0266,2916.6666,0,62.634,0.2413
"120","charter",296.552,0.0041,7083.3317,0,267.552,0.1643
"121","beach",73.002,0.2537,3749.9999,0,73.002,0.2339
"122","boat",94.74,0.0897,12499.998,1,94.74,0.0897
"123","charter",60.74,1.0905,2916.6666,0,25.74,0.0897
"124","beach",61.74,0.2537,7916.6663,0,74.088,0.2339
"125","boat",55.74,0.0102,7083.3317,1,55.74,0.0102
"126","charter",102.74,0.0209,8750.001,0,67.74,0.0102
"127","pier",55.74,0.1498,7083.3317,0,66.888,0.2339
"128","charter",61.24,0.1726,3749.9999,0,31.74,0.0732
"129","pier",49.74,0.1498,6250.0013,0,59.688,0.2339
"130","boat",94.74,0.0102,12499.998,1,94.74,0.0102
"131","boat",94.74,0.0108,12499.998,1,94.74,0.0108
"132","charter",84.74,0.6456,6250.0013,0,49.74,0.0559
"133","boat",61.74,0.0732,7916.6663,1,61.74,0.0732
"134","boat",25.74,0.0143,2916.6666,1,25.74,0.0143
"135","boat",67.74,0.0143,8750.001,1,67.74,0.0143
"136","boat",205.27,0.0156,12499.998,1,205.27,0.0156
"137","charter",66.74,0.2377,3749.9999,0,31.74,0.0108
"138","charter",66.74,0.6456,3749.9999,0,31.74,0.0559
"139","charter",52.862,0.4216,1249.9998,0,17.862,0.0361
"140","charter",84.062,1.0266,4583.332,0,49.062,0.2413
"141","boat",66.32,0.2339,6250.0013,1,66.32,0.2339
"142","charter",45.062,0.3975,416.66668,0,10.062,0.1665
"143","boat",74.32,0.0897,7083.3317,1,74.32,0.0897
"144","charter",85.32,0.2377,4583.332,0,50.32,0.0108
"145","boat",94.506,0.2413,6250.0013,1,94.506,0.2413
"146","charter",84.306,0.0046,3749.9999,0,60.306,0.0023
"147","charter",185.198,0.2773,7916.6663,0,166.698,0.0626
"148","charter",106.706,0.0058,4583.332,0,71.706,0.0156
"149","boat",182.898,0.0897,8750.001,1,182.898,0.0897
"150","charter",95.306,0.0058,3749.9999,0,60.306,0.0156
"151","charter",95.306,0.0058,3749.9999,0,60.306,0.0156
"152","charter",61.106,0.0058,1249.9998,0,26.106,0.0156
"153","boat",63.172,0.0613,7083.3317,1,63.172,0.0613
"154","boat",49.572,0.0613,5416.6667,1,49.572,0.0613
"155","boat",56.372,0.2413,6250.0013,1,56.372,0.2413
"156","boat",71.214,0.0276,2916.6666,1,71.214,0.0276
"157","boat",42.772,0.1574,4583.332,1,42.772,0.1574
"158","charter",73.572,0.0046,5416.6667,0,49.572,0.0023
"159","pier",49.572,0.0789,5416.6667,0,121.014,0.1643
"160","charter",70.972,1.0266,3749.9999,0,35.972,0.2413
"161","charter",77.772,1.0266,4583.332,0,42.772,0.0051
"162","charter",70.972,1.0266,3749.9999,0,35.972,0.2413
"163","charter",192.31,2.3014,2916.6666,0,167.31,0.6817
"164","beach",42.772,0.0678,4583.332,0,104.414,0.1643
"165","charter",91.372,0.4216,6250.0013,0,56.372,0.0361
"166","beach",15.572,0.0678,1249.9998,0,38.014,0.1643
"167","boat",71.214,0.2601,2916.6666,1,71.214,0.2601
"168","boat",94.35,0.0143,4583.332,1,94.35,0.0143
"169","beach",124.35,0.2537,6250.0013,0,124.35,0.2339
"170","charter",129.414,0.5391,4583.332,0,104.414,0.2601
"171","boat",175.748,0.0233,6250.0013,1,175.748,0.0233
"172","boat",72.9,0.0361,5416.6667,1,72.9,0.0361
"173","charter",87.9,0.0058,3749.9999,0,52.9,0.0156
"174","beach",22.372,0.0678,2083.3332,0,54.614,0.1643
"175","charter",70.972,0.4216,3749.9999,0,35.972,0.0361
"176","charter",99.35,1.0905,2916.6666,0,64.35,0.0897
"177","boat",56.372,0.0051,6250.0013,1,56.372,0.0051
"178","charter",114.35,0.6456,3749.9999,0,79.35,0.0559
"179","boat",63.172,0.2413,7083.3317,1,63.172,0.2413
"180","charter",93.85,0.324,2916.6666,0,64.35,0.1082
"181","beach",49.572,0.0678,5416.6667,0,121.014,0.1643
"182","charter",67.604,1.0266,2916.6666,0,32.604,0.2413
"183","charter",75.204,1.0266,3749.9999,0,40.204,0.2413
"184","boat",26.106,0.0361,1249.9998,1,26.106,0.0361
"185","boat",57.904,0.0014,2083.3332,1,57.904,0.0014
"186","charter",72.506,1.0266,2083.3332,0,37.506,0.2413
"187","charter",106.706,0.4216,4583.332,0,71.706,0.0361
"188","boat",71.706,0.0361,4583.332,1,71.706,0.0361
"189","beach",34.914,0.2537,3749.9999,0,34.914,0.2339
"190","charter",127.848,0.0209,6250.0013,0,92.848,0.0102
"191","charter",117.404,0.3087,9583.3357,0,93.404,0.0613
"192","charter",82.804,1.0266,4583.332,0,47.804,0.0051
"193","boat",35.972,0.1665,3749.9999,1,35.972,0.1665
"194","pier",21.714,0.1498,2083.3332,0,21.714,0.2339
"195","charter",50.114,0.0209,1249.9998,0,15.114,0.0102
"196","charter",70.972,1.0266,3749.9999,0,35.972,0.2413
"197","charter",106.706,0.3975,4583.332,0,71.706,0.1665
"198","pier",75.504,0.0503,2916.6666,0,75.504,0.2601
"199","charter",72.098,0.2377,1249.9998,0,37.098,0.0108
"200","charter",50.398,0.1176,416.66668,0,20.898,0.0016
"201","boat",101.898,0.0559,4583.332,1,101.898,0.0559
"202","beach",117.306,0.0678,7916.6663,0,181.104,0.1643
"203","charter",163.706,0.4216,8750.001,0,128.706,0.0361
"204","pier",26.106,0.0025,1249.9998,0,40.304,0.0499
"205","charter",72.506,1.0266,2083.3332,0,37.506,0.2413
"206","boat",69.498,0.2339,2916.6666,1,69.498,0.2339
"207","boat",48.906,0.0023,2916.6666,1,48.906,0.0023
"208","boat",47.804,0.1574,4583.332,1,47.804,0.1574
"209","charter",141.64,0.0029,5416.6667,0,116.64,0.0276
"210","pier",47.804,0.0789,4583.332,0,100.64,0.0014
"211","charter",52.404,1.0266,1249.9998,0,17.404,0.2413
"212","charter",387.208,2.3014,7916.6663,0,362.208,0.6817
"213","charter",98.004,0.0058,6250.0013,0,63.004,0.0156
"214","pier",32.604,0.0789,2916.6666,0,68.64,0.1643
"215","charter",61.64,0.2421,1249.9998,0,36.64,0.1491
"216","charter",40.934,1.0266,416.66668,0,5.934,0.2413
"217","beach",120.004,0.0678,12499.998,0,252.64,0.1643
"218","charter",50.134,0.0058,2083.3332,0,15.134,0.0156
"219","charter",68.534,0.0058,5416.6667,0,33.534,0.0156
"220","charter",59.334,0.0058,3749.9999,0,24.334,0.0156
"221","charter",163.706,1.0266,8750.001,0,128.706,0.2413
"222","charter",106.706,0.0058,4583.332,0,71.706,0.0156
"223","boat",180.006,0.1574,12499.998,1,180.006,0.1574
"224","charter",139.704,0.1648,4583.332,0,110.704,0.0971
"225","boat",26.106,0.2413,1249.9998,1,26.106,0.2413
"226","charter",79.404,0.4671,5416.6667,0,55.404,0.1574
"227","pier",47.804,0.0789,4583.332,0,100.64,0.0014
"228","charter",82.804,0.4216,4583.332,0,47.804,0.0361
"229","charter",50.114,0.0209,1249.9998,0,15.114,0.0102
"230","pier",5.922,0.0503,2083.3332,0,5.922,0.2601
"231","pier",11.322,0.0503,4583.332,0,11.322,0.0276
"232","pier",6.29,0.0789,4583.332,0,6.29,0.1643
"233","boat",17.986,0.0014,3749.9999,1,17.986,0.0014
"234","charter",42.986,0.1648,3749.9999,0,17.986,0.023
"235","charter",46.986,0.5391,3749.9999,0,17.986,0.1643
"236","boat",45.186,0.2601,10416.666,1,45.186,0.2601
"237","beach",21.386,0.0678,4583.332,0,21.386,0.1491
"238","beach",9.522,0.0678,3749.9999,0,9.522,0.2601
"239","boat",51.842,0.2413,3749.9999,1,51.842,0.2413
"240","boat",5.922,0.0014,2083.3332,1,5.922,0.0014
"241","pier",9.522,0.0503,3749.9999,0,9.522,0.0276
"242","boat",11.322,0.0276,4583.332,1,11.322,0.0276
"243","beach",9.522,0.0678,3749.9999,0,9.522,0.0276
"244","beach",71.442,0.0678,5416.6667,0,13.122,0.1643
"245","boat",14.58,0.2601,5416.6667,1,14.58,0.2601
"246","charter",33.58,0.2421,2916.6666,0,8.58,0.1491
"247","charter",41.58,0.2421,4583.332,0,12.58,0.0499
"248","charter",43.58,0.5391,7083.3317,0,18.58,0.2601
"249","pier",8.58,0.0503,2916.6666,0,8.58,0.2601
"250","boat",666.11,0.0531,8750.001,1,666.11,0.0531
"251","charter",35.58,0.2421,2083.3332,0,6.58,0.0499
"252","boat",20.61,0.2413,1249.9998,1,20.61,0.2413
"253","charter",29.58,0.1648,1249.9998,0,4.58,0.023
"254","boat",6.58,0.0031,2083.3332,1,6.58,0.0031
"255","boat",31.586,0.1491,7083.3317,1,31.586,0.1491
"256","charter",49.786,0.2421,5416.6667,0,24.786,0.1491
"257","pier",13.818,0.0025,2083.3332,0,13.818,0.0499
"258","charter",59.618,0.5391,5416.6667,0,30.618,0.1643
"259","boat",4.29,0.0051,2916.6666,1,4.29,0.0051
"260","boat",5.29,0.0156,3749.9999,1,5.29,0.0156
"261","charter",33.29,0.1648,2916.6666,0,4.29,0.0971
"262","beach",4.122,0.0678,1249.9998,0,4.122,0.2601
"263","pier",5.922,0.0503,2083.3332,0,5.922,0.0276
"264","beach",71.442,0.0678,5416.6667,0,13.122,0.0499
"265","boat",5.922,0.0276,2083.3332,1,5.922,0.0276
"266","pier",15.87,0.0503,3749.9999,0,15.87,0.0276
"267","boat",3.87,0.0014,416.66668,1,3.87,0.0014
"268","boat",12.58,0.0276,4583.332,1,12.58,0.0276
"269","boat",6.58,0.1491,2083.3332,1,6.58,0.1491
"270","pier",6.58,0.0503,2083.3332,0,6.58,0.2601
"271","charter",32.722,0.0029,2916.6666,0,7.722,0.0276
"272","boat",3.29,0.1665,2083.3332,1,3.29,0.1665
"273","charter",30.29,0.0029,3749.9999,0,5.29,0.0276
"274","boat",3.29,0.0014,2083.3332,1,3.29,0.0014
"275","charter",34.29,0.1648,3749.9999,0,5.29,0.0971
"276","pier",2.29,0.0789,1249.9998,0,2.29,0.0971
"277","boat",5.29,0.0051,3749.9999,1,5.29,0.0051
"278","charter",36.29,0.0029,5416.6667,0,7.29,0.0014
"279","beach",13.29,0.0678,10416.666,0,13.29,0.1643
"280","charter",39.29,1.0266,2916.6666,0,4.29,0.2413
"281","charter",29.29,0.1648,2916.6666,0,4.29,0.023
"282","charter",31.29,0.3087,5416.6667,0,7.29,0.0613
"283","charter",35.29,0.1648,4583.332,0,6.29,0.0971
"284","boat",8.29,0.0613,6250.0013,1,8.29,0.0613
"285","charter",38.29,0.4216,2083.3332,0,3.29,0.0361
"286","charter",33.29,0.2421,2916.6666,0,4.29,0.0499
"287","charter",37.29,1.0266,1249.9998,0,2.29,0.2413
"288","pier",2.29,0.0789,1249.9998,0,2.29,0.1643
"289","pier",75.012,0.1498,2083.3332,0,75.012,0.0233
"290","pier",4.29,0.0789,2916.6666,0,4.29,0.1643
"291","boat",4.29,0.0051,2916.6666,1,4.29,0.0051
"292","boat",3.29,0.1574,2083.3332,1,3.29,0.1574
"293","charter",35.87,0.1648,1249.9998,0,6.87,0.0971
"294","charter",47.87,0.5391,4583.332,0,18.87,0.1643
"295","charter",58.87,0.5391,8750.001,0,33.87,0.2601
"296","boat",53.686,0.2413,12499.998,1,53.686,0.2413
"297","charter",42.29,1.0266,5416.6667,0,7.29,0.0051
"298","charter",41.29,1.0266,4583.332,0,6.29,0.2413
"299","charter",30.29,0.1648,3749.9999,0,5.29,0.023
"300","boat",5.29,0.2413,3749.9999,1,5.29,0.2413
"301","charter",36.29,0.1648,5416.6667,0,7.29,0.0971
"302","boat",4.29,0.0023,2916.6666,1,4.29,0.0023
"303","pier",3.29,0.0503,2083.3332,0,3.29,0.0276
"304","beach",8.29,0.0678,6250.0013,0,8.29,0.2601
"305","charter",35.58,0.0029,3749.9999,0,10.58,0.0276
"306","beach",11.186,0.0678,2083.3332,0,11.186,0.2601
"307","beach",38.386,0.0678,8750.001,0,38.386,0.2601
"308","boat",8.58,0.0276,2916.6666,1,8.58,0.0276
"309","charter",37.58,0.2421,2916.6666,0,8.58,0.0499
"310","charter",29.29,0.5391,2916.6666,0,4.29,0.2601
"311","boat",4.29,0.0276,2916.6666,1,4.29,0.0276
"312","charter",27.29,0.0046,2083.3332,0,3.29,0.0023
"313","boat",4.29,0.0051,2916.6666,1,4.29,0.0051
"314","boat",5.29,0.0276,3749.9999,1,5.29,0.0276
"315","charter",30.29,0.4671,4583.332,0,6.29,0.1574
"316","charter",29.29,0.2421,2916.6666,0,4.29,0.1491
"317","charter",35.29,0.5391,4583.332,0,6.29,0.1643
"318","boat",6.29,0.2601,4583.332,1,6.29,0.2601
"319","charter",29.29,0.0029,2916.6666,0,4.29,0.0276
"320","pier",3.29,0.0052,2083.3332,0,3.29,0.1491
"321","charter",32.29,0.0041,2083.3332,0,3.29,0.1643
"322","pier",4.29,0.0503,2916.6666,0,4.29,0.2601
"323","pier",2.29,0.0503,1249.9998,0,2.29,0.2601
"324","pier",2.29,0.0503,1249.9998,0,2.29,0.2601
"325","beach",4.29,0.0678,2916.6666,0,4.29,0.2601
"326","boat",8.29,0.2601,6250.0013,1,8.29,0.2601
"327","boat",7.29,0.2601,5416.6667,1,7.29,0.2601
"328","pier",13.29,0.0503,10416.666,0,13.29,0.2601
"329","boat",3.29,0.023,2083.3332,1,3.29,0.023
"330","boat",6.29,0.1491,4583.332,1,6.29,0.1491
"331","charter",32.29,0.1648,2083.3332,0,3.29,0.0971
"332","boat",4.29,0.0276,2916.6666,1,4.29,0.0276
"333","boat",6.29,0.0276,4583.332,1,6.29,0.0276
"334","charter",45.58,0.2421,6250.0013,0,16.58,0.0499
"335","pier",4.29,0.0503,2916.6666,0,4.29,0.2601
"336","charter",31.29,0.5391,4583.332,0,6.29,0.2601
"337","beach",2.29,0.0678,1249.9998,0,2.29,0.0276
"338","pier",5.29,0.0503,3749.9999,0,5.29,0.0276
"339","boat",3.29,0.0276,2083.3332,1,3.29,0.0276
"340","boat",2.29,0.0276,1249.9998,1,2.29,0.0276
"341","boat",4.29,0.0014,2916.6666,1,4.29,0.0014
"342","charter",31.29,0.0029,4583.332,0,6.29,0.0276
"343","boat",9.29,0.2601,7083.3317,1,9.29,0.2601
"344","beach",306.82,0.5333,3749.9999,0,42.32,0.2413
"345","boat",231.822,0.0897,5416.6667,1,231.822,0.0897
"346","boat",8.29,0.0276,6250.0013,1,8.29,0.0276
"347","charter",58.32,0.3087,2916.6666,0,34.32,0.0613
"348","charter",32.29,0.0029,2083.3332,0,3.29,0.0014
"349","charter",32.29,0.5391,5416.6667,0,7.29,0.2601
"350","boat",30.87,0.1643,7916.6663,1,30.87,0.1643
"351","boat",30.87,0.2601,7916.6663,1,30.87,0.2601
"352","boat",12.87,0.0276,2916.6666,1,12.87,0.0276
"353","charter",46.87,0.1648,5416.6667,0,21.87,0.023
"354","beach",24.786,0.0678,5416.6667,0,24.786,0.2601
"355","charter",50.386,0.5391,4583.332,0,21.386,0.1643
"356","charter",76.45,0.4216,6250.0013,0,41.45,0.0361
"357","boat",12.87,0.2601,2916.6666,1,12.87,0.2601
"358","charter",260.95,0.0052,2916.6666,0,235.95,0.0531
"359","boat",15.87,0.2601,3749.9999,1,15.87,0.2601
"360","boat",24.87,0.2601,6250.0013,1,24.87,0.2601
"361","charter",56.87,0.0041,7083.3317,0,27.87,0.1643
"362","beach",4.122,0.0678,1249.9998,0,4.122,0.2601
"363","pier",4.122,0.0503,1249.9998,0,4.122,0.2601
"364","boat",130.832,0.2601,4583.332,1,130.832,0.2601
"365","boat",73.002,0.0238,3749.9999,1,73.002,0.0238
"366","boat",74.354,0.0897,2083.3332,1,74.354,0.0897
"367","charter",109.354,0.6456,2083.3332,0,74.354,0.0559
"368","boat",73.002,0.1574,3749.9999,1,73.002,0.1574
"369","charter",86.754,0.0209,1249.9998,0,51.754,0.0102
"370","charter",66.602,0.4216,1249.9998,0,31.602,0.0361
"371","beach",37.098,0.0678,1249.9998,0,37.098,0.1643
"372","pier",20.898,0.0789,416.66668,0,20.898,0.1643
"373","charter",189.548,0.0058,5416.6667,0,154.548,0.0156
"374","charter",104.748,0.4216,2083.3332,0,69.748,0.0361
"375","charter",51.832,0.2421,416.66668,0,26.832,0.1491
"376","charter",135.032,0.5391,3749.9999,0,110.032,0.2601
"377","boat",236.196,0.0102,5416.6667,1,236.196,0.0102
"378","boat",328.432,0.0023,12499.998,1,328.432,0.0023
"379","charter",165.832,1.0266,4583.332,0,130.832,0.2413
"380","boat",106.596,0.0559,2083.3332,1,106.596,0.0559
"381","pier",90.948,0.0789,2916.6666,0,90.948,0.0014
"382","boat",90.948,0.0023,2916.6666,1,90.948,0.0023
"383","charter",162.49,0.1726,2916.6666,0,132.99,0.0732
"384","charter",61.574,1.0266,416.66668,0,26.574,0.2413
"385","charter",123.374,0.0058,2916.6666,0,88.374,0.0156
"386","boat",247.86,0.0613,5416.6667,1,247.86,0.0613
"387","boat",115.196,0.1574,7083.3317,1,115.196,0.1574
"388","pier",150.174,0.0789,5416.6667,0,170.586,0.1643
"389","charter",185.174,1.0266,5416.6667,0,150.174,0.2413
"390","charter",253.856,0.2377,6250.0013,0,218.856,0.0108
"391","charter",148.256,0.6456,2916.6666,0,113.256,0.0559
"392","beach",47.174,0.0678,1249.9998,0,53.586,0.1643
"393","pier",129.574,0.0789,4583.332,0,147.186,0.1643
"394","pier",108.974,0.0789,3749.9999,0,123.786,0.1643
"395","charter",267.574,1.0266,8750.001,0,232.574,0.2413
"396","charter",129.386,0.5391,2916.6666,0,100.386,0.1643
"397","charter",164.574,0.3975,4583.332,0,129.574,0.1665
"398","charter",193.448,2.3014,2083.3332,0,168.448,0.6817
"399","charter",188.758,0.2421,3749.9999,0,159.758,0.0499
"400","boat",140.714,0.1574,3749.9999,1,140.714,0.1574
"401","boat",270.848,0.0531,3749.9999,1,270.848,0.0531
"402","charter",173.598,0.6456,3749.9999,0,138.598,0.0559
"403","boat",79.254,0.0023,4583.332,1,79.254,0.0023
"404","charter",114.254,0.4216,4583.332,0,79.254,0.0361
"405","boat",37.752,0.0023,2916.6666,1,37.752,0.0023
"406","boat",11.352,0.0361,416.66668,1,11.352,0.0361
"407","boat",37.752,0.0023,2916.6666,1,37.752,0.0023
"408","charter",84.306,0.0046,3749.9999,0,60.306,0.0023
"409","charter",95.306,0.0058,3749.9999,0,60.306,0.0156
"410","charter",95.306,0.0058,3749.9999,0,60.306,0.0156
"411","charter",72.906,0.0046,2916.6666,0,48.906,0.0023
"412","beach",85.698,0.2537,3749.9999,0,85.698,0.0233
"413","boat",37.506,0.1574,2083.3332,1,37.506,0.1574
"414","boat",48.906,0.2413,2916.6666,1,48.906,0.2413
"415","charter",95.306,0.4216,3749.9999,0,60.306,0.0361
"416","pier",224.296,0.4522,3749.9999,0,66.654,0.2413
"417","pier",34.874,0.0789,2083.3332,0,34.874,0.1643
"418","charter",112.274,0.0058,5416.6667,0,77.274,0.0156
"419","charter",59.874,0.0029,2083.3332,0,34.874,0.0276
"420","charter",91.074,0.0058,3749.9999,0,56.074,0.0156
"421","charter",189.734,0.6456,4583.332,0,154.734,0.0559
"422","charter",106.274,0.1648,5416.6667,0,77.274,0.0971
"423","charter",143.974,1.0266,3749.9999,0,108.974,0.2413
"424","charter",99.35,1.0266,2916.6666,0,64.35,0.2413
"425","boat",184.35,0.0023,9583.3357,1,184.35,0.0023
"426","charter",99.35,0.4216,2916.6666,0,64.35,0.0361
"427","boat",67.774,0.0897,2083.3332,1,67.774,0.0897
"428","boat",64.35,0.0361,2916.6666,1,64.35,0.0361
"429","boat",34.35,0.0051,1249.9998,1,34.35,0.0051
"430","charter",99.35,0.3975,2916.6666,0,64.35,0.1665
"431","charter",84.35,0.4216,2083.3332,0,49.35,0.0361
"432","charter",114.35,0.4216,3749.9999,0,79.35,0.0361
"433","pier",34.35,0.0789,1249.9998,0,38.014,0.1643
"434","charter",73.35,0.3087,2083.3332,0,49.35,0.0613
"435","pier",20.152,0.0789,1249.9998,0,20.152,0.1643
"436","boat",45.402,0.0023,2083.3332,1,45.402,0.0023
"437","boat",64.35,0.2413,2916.6666,1,64.35,0.2413
"438","charter",129.77,0.3975,5416.6667,0,94.77,0.1665
"439","boat",55.77,0.2413,2916.6666,1,55.77,0.2413
"440","charter",94.682,1.0266,7916.6663,0,59.682,0.2413
"441","charter",43.082,0.3087,2083.3332,0,19.082,0.0613
"442","charter",65.682,1.0266,3749.9999,0,30.682,0.2413
"443","charter",61.482,0.5391,4583.332,0,36.482,0.2601
"444","pier",13.282,0.0789,1249.9998,0,13.282,0.1643
"445","boat",167.314,0.1665,4583.332,1,167.314,0.1665
"446","beach",74.196,0.2537,1249.9998,0,74.196,8e-04
"447","charter",335.314,1.0266,8750.001,0,300.314,0.2413
"448","charter",138.114,0.4671,2916.6666,0,114.114,0.1574
"449","charter",77.9,0.4216,2916.6666,0,42.9,0.0361
"450","boat",68.77,0.0156,3749.9999,1,68.77,0.0156
"451","charter",158.77,0.2421,7916.6663,0,133.77,0.1491
"452","pier",94.77,0.0789,5416.6667,0,94.77,0.1643
"453","charter",158.77,0.0029,7916.6663,0,133.77,0.0276
"454","boat",81.77,0.0613,4583.332,1,81.77,0.0613
"455","charter",58.35,0.3087,1249.9998,0,34.35,0.0613
"456","beach",109.35,0.0678,5416.6667,0,121.014,0.1643
"457","boat",154.214,0.2601,7083.3317,1,154.214,0.2601
"458","charter",208.35,0.3087,9583.3357,0,184.35,0.0613
"459","charter",89.054,1.0266,2916.6666,0,54.054,0.2413
"460","boat",54.054,0.0023,2916.6666,1,54.054,0.0023
"461","boat",127.666,0.0014,6250.0013,1,127.666,0.0014
"462","charter",107.952,1.0266,6250.0013,0,72.952,0.2413
"463","boat",45.474,0.1491,2916.6666,1,45.474,0.1491
"464","pier",45.474,0.0789,2916.6666,0,45.474,0.1643
"465","charter",92.77,0.0046,3749.9999,0,68.77,0.0023
"466","boat",68.77,0.0361,3749.9999,1,68.77,0.0361
"467","boat",94.77,0.0023,5416.6667,1,94.77,0.0023
"468","boat",94.77,0.0238,5416.6667,1,94.77,0.0238
"469","charter",90.77,1.0266,2916.6666,0,55.77,0.2413
"470","charter",66.77,0.3087,2083.3332,0,42.77,0.0613
"471","boat",81.77,0.1665,4583.332,1,81.77,0.1665
"472","charter",103.77,0.0058,3749.9999,0,68.77,0.0156
"473","charter",66.77,0.0468,2083.3332,0,42.77,0.0238
"474","charter",116.77,0.4216,4583.332,0,81.77,0.0361
"475","charter",80.77,0.2421,2916.6666,0,55.77,0.1491
"476","pier",68.77,0.0789,3749.9999,0,68.77,0.1643
"477","boat",166.212,0.0897,5416.6667,1,166.212,0.0897
"478","boat",36.482,0.1643,4583.332,1,36.482,0.1643
"479","charter",38.282,0.5391,1249.9998,0,13.282,0.2601
"480","boat",24.882,0.0023,2916.6666,1,24.882,0.0023
"481","boat",36.482,0.0499,4583.332,1,36.482,0.0499
"482","charter",38.282,0.1648,1249.9998,0,13.282,0.023
"483","charter",174.656,0.6456,3749.9999,0,139.656,0.0559
"484","charter",123.374,0.4216,2916.6666,0,88.374,0.0361
"485","boat",108.974,0.1574,3749.9999,1,108.974,0.1574
"486","charter",112.374,0.0046,2916.6666,0,88.374,0.0023
"487","pier",129.574,0.0789,4583.332,0,147.186,0.1643
"488","charter",84.35,0.4216,2083.3332,0,49.35,0.0361
"489","beach",87.814,0.0678,3749.9999,0,87.814,0.2601
"490","charter",174.35,1.0266,7083.3317,0,139.35,0.2413
"491","boat",104.414,0.1643,4583.332,1,104.414,0.1643
"492","beach",66.654,0.0678,3749.9999,0,81.466,0.1643
"493","charter",79.666,0.5391,2083.3332,0,50.666,0.1643
"494","boat",104.454,0.0156,6250.0013,1,104.454,0.0156
"495","pier",41.454,0.0025,2083.3332,0,50.666,0.0499
"496","pier",91.854,0.0789,5416.6667,0,112.266,0.0014
"497","charter",103.254,0.3087,4583.332,0,79.254,0.0613
"498","charter",95.536,0.6456,2083.3332,0,60.536,0.0559
"499","charter",90.036,0.1726,2083.3332,0,60.536,0.0732
"500","charter",76.454,0.0058,2083.3332,0,41.454,0.0156
"501","charter",139.454,0.4216,6250.0013,0,104.454,0.0361
"502","pier",54.054,0.0789,2916.6666,0,66.066,0.1643
"503","charter",89.054,1.0266,2916.6666,0,54.054,0.2413
"504","charter",64.266,0.2421,1249.9998,0,35.266,0.0499
"505","pier",23.736,0.1498,416.66668,0,23.736,0.0233
"506","charter",51.254,0.0058,416.66668,0,16.254,0.0156
"507","boat",35.266,0.0014,1249.9998,1,35.266,0.0014
"508","charter",127.046,0.0209,3749.9999,0,92.046,0.0102
"509","charter",101.674,0.0058,4583.332,0,66.674,0.0156
"510","charter",112.274,0.3975,5416.6667,0,77.274,0.1665
"511","boat",44.086,0.0971,2083.3332,1,44.086,0.0971
"512","charter",80.074,0.0468,3749.9999,0,56.074,0.0238
"513","boat",98.474,0.2413,7083.3317,1,98.474,0.2413
"514","charter",101.674,0.0058,4583.332,0,66.674,0.0156
"515","pier",34.874,0.0789,2083.3332,0,44.086,0.0014
"516","beach",97.686,0.0678,5416.6667,0,97.686,0.1491
"517","beach",44.086,0.0678,2083.3332,0,44.086,0.2601
"518","charter",48.674,0.0058,416.66668,0,13.674,0.0156
"519","charter",202.606,0.0052,2916.6666,0,177.606,0.0531
"520","pier",144.246,0.1498,6250.0013,0,144.246,0.0233
"521","charter",244.006,2.3014,3749.9999,0,219.006,0.6817
"522","pier",136.206,0.4522,2083.3332,0,34.874,0.1665
"523","boat",87.874,0.0023,6250.0013,1,87.874,0.0023
"524","beach",56.074,0.0678,3749.9999,0,70.886,0.1643
"525","charter",240.586,0.5391,12499.998,0,211.586,0.1643
"526","charter",69.874,0.4216,2083.3332,0,34.874,0.0361
"527","charter",101.674,1.0266,4583.332,0,66.674,0.2413
"528","boat",87.874,0.1665,6250.0013,1,87.874,0.1665
"529","charter",202.606,2.3014,2916.6666,0,177.606,0.6817
"530","boat",68.77,0.2413,3749.9999,1,68.77,0.2413
"531","charter",122.874,1.0266,6250.0013,0,87.874,0.0051
"532","charter",91.074,1.0266,3749.9999,0,56.074,0.2413
"533","pier",87.874,0.0025,6250.0013,0,111.086,0.0499
"534","charter",80.474,0.0058,2916.6666,0,45.474,0.0156
"535","boat",70.604,0.1574,7083.3317,1,70.604,0.1574
"536","charter",67.604,0.0058,2916.6666,0,32.604,0.0156
"537","charter",241.64,0.1648,10416.666,0,212.64,0.0971
"538","charter",60.004,1.0266,2083.3332,0,25.004,0.2413
"539","charter",77.734,1.0266,7083.3317,0,42.734,0.2413
"540","boat",47.334,0.0361,7916.6663,1,47.334,0.0361
"541","charter",43.734,0.0046,2916.6666,0,19.734,0.0023
"542","charter",48.334,0.3087,3749.9999,0,24.334,0.0613
"543","boat",19.896,0.0361,6250.0013,1,19.896,0.0361
"544","boat",19.896,0.0361,6250.0013,1,19.896,0.0361
"545","boat",10.296,0.0613,2916.6666,1,10.296,0.0613
"546","boat",10.296,0.0361,2916.6666,1,10.296,0.0361
"547","boat",17.496,0.2413,5416.6667,1,17.496,0.2413
"548","charter",40.496,1.0266,1249.9998,0,5.496,0.2413
"549","pier",10.534,0.0789,1249.9998,0,13.74,0.1643
"550","pier",24.334,0.0025,3749.9999,0,31.74,0.0499
"551","beach",15.134,0.0678,2083.3332,0,19.74,0.1643
"552","boat",24.334,0.0023,3749.9999,1,24.334,0.0023
"553","pier",38.134,0.0025,6250.0013,0,49.74,0.0499
"554","boat",24.334,0.1574,3749.9999,1,24.334,0.1574
"555","charter",43.734,0.0046,2916.6666,0,19.734,0.0023
"556","charter",45.296,0.0058,2916.6666,0,10.296,0.0156
"557","boat",37.896,0.2413,12499.998,1,37.896,0.2413
"558","charter",57.296,0.4216,7083.3317,0,22.296,0.0361
"559","charter",52.496,0.0058,5416.6667,0,17.496,0.0156
"560","charter",57.296,0.3975,7083.3317,0,22.296,0.1665
"561","beach",17.496,0.0678,5416.6667,0,78.732,0.0014
"562","charter",47.696,1.0266,3749.9999,0,12.696,0.0051
"563","boat",12.696,2e-04,3749.9999,1,12.696,2e-04
"564","boat",12.696,0.0613,3749.9999,1,12.696,0.0613
"565","boat",7.896,0.0023,2083.3332,1,7.896,0.0023
"566","boat",10.296,0.2413,2916.6666,1,10.296,0.2413
"567","pier",12.696,0.0789,3749.9999,0,57.132,0.1643
"568","beach",89.532,0.0678,6250.0013,0,89.532,0.023
"569","boat",46.332,0.1491,2916.6666,1,46.332,0.1491
"570","boat",19.896,0.0023,6250.0013,1,19.896,0.0023
"571","pier",22.296,0.0789,7083.3317,0,100.332,0.1643
"572","charter",42.896,1.0266,2083.3332,0,7.896,0.2413
"573","charter",42.896,0.3975,2083.3332,0,7.896,0.1665
"574","boat",17.496,0.1574,5416.6667,1,17.496,0.1574
"575","boat",10.296,0.0023,2916.6666,1,10.296,0.0023
"576","boat",15.096,0.0613,4583.332,1,15.096,0.0613
"577","boat",12.696,0.0023,3749.9999,1,12.696,0.0023
"578","charter",34.296,0.3087,2916.6666,0,10.296,0.0613
"579","boat",27.096,0.0156,8750.001,1,27.096,0.0156
"580","charter",45.534,0.4216,1249.9998,0,10.534,0.0361
"581","beach",37.896,0.0678,12499.998,0,170.532,0.0014
"582","charter",42.896,0.4216,2083.3332,0,7.896,0.0361
"583","charter",34.296,0.0046,2916.6666,0,10.296,0.0023
"584","charter",52.496,0.4216,5416.6667,0,17.496,0.0361
"585","boat",10.296,0.0051,2916.6666,1,10.296,0.0051
"586","boat",10.296,0.0156,2916.6666,1,10.296,0.0156
"587","boat",15.096,0.1574,4583.332,1,15.096,0.1574
"588","beach",10.296,0.0678,2916.6666,0,46.332,0.1643
"589","charter",330.072,0.0052,6250.0013,0,305.072,0.0531
"590","charter",45.296,0.3975,2916.6666,0,10.296,0.1665
"591","boat",106.112,0.0143,6250.0013,1,106.112,0.0143
"592","boat",10.296,0.0023,2916.6666,1,10.296,0.0023
"593","boat",15.096,0.0156,4583.332,1,15.096,0.0156
"594","boat",17.496,0.0361,5416.6667,1,17.496,0.0361
"595","charter",53.496,0.0046,9583.3357,0,29.496,0.0023
"596","charter",42.896,0.4216,2083.3332,0,7.896,0.0361
"597","charter",50.096,0.4216,4583.332,0,15.096,0.0361
"598","boat",22.296,0.0361,7083.3317,1,22.296,0.0361
"599","boat",15.096,0.1574,4583.332,1,15.096,0.1574
"600","charter",73.134,1.0266,6250.0013,0,38.134,0.2413
"601","charter",59.334,0.0058,3749.9999,0,24.334,0.0156
"602","charter",57.534,0.3087,5416.6667,0,33.534,0.0613
"603","charter",43.734,0.0046,2916.6666,0,19.734,0.0023
"604","beach",5.934,0.0678,416.66668,0,7.74,0.0014
"605","charter",50.134,0.0058,2083.3332,0,15.134,0.0156
"606","charter",50.134,0.0058,2083.3332,0,15.134,0.0156
"607","boat",15.134,0.2413,2083.3332,1,15.134,0.2413
"608","charter",45.534,0.4216,1249.9998,0,10.534,0.0361
"609","boat",61.134,0.0613,10416.666,1,61.134,0.0613
"610","boat",42.734,0.0361,7083.3317,1,42.734,0.0361
"611","charter",68.534,1.0266,5416.6667,0,33.534,0.2413
"612","beach",24.334,0.0678,3749.9999,0,31.74,0.1643
"613","charter",43.734,0.3087,2916.6666,0,19.734,0.0613
"614","boat",72.634,0.0613,12499.998,1,72.634,0.0613
"615","boat",19.734,0.2413,2916.6666,1,19.734,0.2413
"616","charter",34.296,0.4671,2916.6666,0,10.296,0.1574
"617","pier",22.296,0.0789,7083.3317,0,100.332,0.1643
"618","boat",37.896,0.2413,12499.998,1,37.896,0.2413
"619","boat",12.696,0.1574,3749.9999,1,12.696,0.1574
"620","boat",17.496,0.0238,5416.6667,1,17.496,0.0238
"621","beach",93.312,0.2537,5416.6667,0,93.312,0.0233
"622","charter",59.334,0.0058,3749.9999,0,24.334,0.0156
"623","charter",54.734,1.0266,2916.6666,0,19.734,0.2413
"624","boat",72.634,0.1574,12499.998,1,72.634,0.1574
"625","pier",56.534,0.0789,9583.3357,0,73.74,0.1643
"626","charter",57.534,0.0468,5416.6667,0,33.534,0.0238
"627","beach",15.134,0.0678,2083.3332,0,19.74,0.1643
"628","boat",28.934,0.0361,4583.332,1,28.934,0.0361
"629","beach",42.734,0.0678,7083.3317,0,55.74,0.1643
"630","boat",51.934,0.0023,8750.001,1,51.934,0.0023
"631","boat",38.134,0.2413,6250.0013,1,38.134,0.2413
"632","boat",10.296,0.0023,2916.6666,1,10.296,0.0023
"633","boat",10.296,0.0361,2916.6666,1,10.296,0.0361
"634","charter",62.096,0.4216,8750.001,0,27.096,0.0361
"635","boat",37.896,0.0156,12499.998,1,37.896,0.0156
"636","charter",59.696,0.3975,7916.6663,0,24.696,0.1665
"637","boat",106.112,0.0108,6250.0013,1,106.112,0.0108
"638","charter",36.696,0.0468,3749.9999,0,12.696,0.0238
"639","pier",17.496,0.0025,5416.6667,0,78.732,0.0499
"640","boat",29.496,0.2413,9583.3357,1,29.496,0.2413
"641","charter",41.496,0.3087,5416.6667,0,17.496,0.0613
"642","pier",12.696,0.0789,3749.9999,0,57.132,0.1643
"643","boat",37.896,0.0023,12499.998,1,37.896,0.0023
"644","charter",66.896,1.0266,10416.666,0,31.896,0.2413
"645","boat",10.296,0.0613,2916.6666,1,10.296,0.0613
"646","pier",5.496,0.0025,1249.9998,0,24.732,0.0499
"647","charter",89.912,1.0905,2916.6666,0,54.912,0.0897
"648","boat",67.712,0.0102,3749.9999,1,67.712,0.0102
"649","charter",50.096,0.4216,4583.332,0,15.096,0.0361
"650","beach",10.296,0.0678,2916.6666,0,46.332,0.1643
"651","boat",7.896,0.1574,2083.3332,1,7.896,0.1574
"652","charter",50.096,0.3975,4583.332,0,15.096,0.1665
"653","charter",42.896,0.4216,2083.3332,0,7.896,0.0361
"654","boat",15.096,0.0156,4583.332,1,15.096,0.0156
"655","pier",10.296,0.0789,2916.6666,0,46.332,0.1643
"656","beach",5.496,0.0678,1249.9998,0,24.732,0.1643
"657","boat",37.896,0.0238,12499.998,1,37.896,0.0238
"658","pier",78.732,0.0503,5416.6667,0,78.732,0.2601
"659","boat",17.496,0.2413,5416.6667,1,17.496,0.2413
"660","beach",9.87,0.2537,2083.3332,0,32.9,0.2339
"661","pier",36.87,0.1498,9583.3357,0,122.9,0.2339
"662","charter",247.64,0.4216,10416.666,0,212.64,0.0361
"663","charter",39.37,0.1726,2083.3332,0,9.87,0.0732
"664","charter",183.64,1.0266,7083.3317,0,148.64,0.2413
"665","boat",9.87,0.0102,2083.3332,1,9.87,0.0102
"666","boat",18.87,0.0143,4583.332,1,18.87,0.0143
"667","beach",47.37,0.2537,12499.998,0,157.9,0.0233
"668","charter",47.87,1.0905,2916.6666,0,12.87,0.0897
"669","boat",47.37,0.0102,12499.998,1,47.37,0.0102
"670","boat",18.87,0.0143,4583.332,1,18.87,0.0143
"671","boat",12.87,0.0108,2916.6666,1,12.87,0.0108
"672","boat",15.87,0.0143,3749.9999,1,15.87,0.0143
"673","boat",27.87,0.0559,7083.3317,1,27.87,0.0559
"674","boat",15.87,0.0102,3749.9999,1,15.87,0.0102
"675","charter",68.87,0.0209,8750.001,0,33.87,0.0102
"676","beach",9.87,0.2537,2083.3332,0,32.9,0.2339
"677","charter",53.87,1.0905,4583.332,0,18.87,0.0897
"678","boat",27.87,0.0102,7083.3317,1,27.87,0.0102
"679","boat",27.87,0.0102,7083.3317,1,27.87,0.0102
"680","boat",18.87,0.0143,4583.332,1,18.87,0.0143
"681","charter",47.87,0.2377,2916.6666,0,12.87,0.0108
"682","boat",18.87,0.0102,4583.332,1,18.87,0.0102
"683","boat",18.87,0.0143,4583.332,1,18.87,0.0143
"684","charter",59.87,1.0905,6250.0013,0,24.87,0.0897
"685","charter",41.87,0.6456,1249.9998,0,6.87,0.0559
"686","charter",44.87,0.0209,2083.3332,0,9.87,0.0102
"687","beach",12.87,0.2537,2916.6666,0,42.9,0.2339
"688","pier",47.37,0.1498,12499.998,0,157.9,0.2339
"689","beach",27.87,0.2537,7083.3317,0,92.9,0.2339
"690","pier",18.87,0.1498,4583.332,0,62.9,0.2339
"691","charter",45.37,0.1176,3749.9999,0,15.87,0.0016
"692","charter",65.87,1.0905,7916.6663,0,30.87,0.0897
"693","boat",18.87,0.0143,4583.332,1,18.87,0.0143
"694","boat",15.87,0.0102,3749.9999,1,15.87,0.0102
"695","charter",197.432,2.3014,6250.0013,0,172.432,0.6817
"696","beach",12.87,0.2537,2916.6666,0,42.9,0.0082
"697","boat",21.87,0.0897,5416.6667,1,21.87,0.0897
"698","pier",33.87,0.1498,8750.001,0,112.9,0.2339
"699","boat",24.87,0.0016,6250.0013,1,24.87,0.0016
"700","boat",24.87,0.0143,6250.0013,1,24.87,0.0143
"701","pier",24.87,0.1498,6250.0013,0,82.9,0.2339
"702","boat",18.87,0.0559,4583.332,1,18.87,0.0559
"703","charter",53.87,0.6456,4583.332,0,18.87,0.0559
"704","boat",18.87,0.0559,4583.332,1,18.87,0.0559
"705","pier",6.87,0.1498,1249.9998,0,22.9,0.0233
"706","pier",15.87,0.1498,3749.9999,0,68.77,0.0233
"707","boat",18.87,0.0143,4583.332,1,18.87,0.0143
"708","beach",27.87,0.2537,7083.3317,0,120.77,0.0233
"709","beach",9.87,0.2537,2083.3332,0,42.77,0.0233
"710","pier",9.87,0.1498,2083.3332,0,42.77,0.2339
"711","pier",15.87,0.1498,3749.9999,0,68.77,0.0233
"712","beach",18.87,0.2537,4583.332,0,81.77,0.2339
"713","charter",56.87,0.0209,5416.6667,0,21.87,0.0102
"714","beach",21.87,0.2537,5416.6667,0,72.9,0.2339
"715","pier",12.87,0.1498,2916.6666,0,42.9,0.2339
"716","pier",12.87,0.1498,2916.6666,0,42.9,0.0233
"717","charter",56.87,1.0905,5416.6667,0,21.87,0.0897
"718","charter",50.87,0.2377,3749.9999,0,15.87,0.0108
"719","charter",59.87,1.0905,6250.0013,0,24.87,0.0897
"720","charter",44.87,0.6456,2083.3332,0,9.87,0.0559
"721","boat",32.9,0.2339,2083.3332,1,32.9,0.2339
"722","charter",62.87,0.0209,7083.3317,0,27.87,0.0102
"723","boat",33.87,0.0559,8750.001,1,33.87,0.0559
"724","charter",42.37,0.1176,2916.6666,0,12.87,0.0016
"725","boat",21.87,0.0143,5416.6667,1,21.87,0.0143
"726","pier",36.87,0.1498,9583.3357,0,122.9,0.2339
"727","boat",18.87,0.0732,4583.332,1,18.87,0.0732
"728","charter",47.87,0.0209,2916.6666,0,12.87,0.0102
"729","pier",30.87,0.1498,7916.6663,0,102.9,0.2339
"730","boat",27.87,0.0143,7083.3317,1,27.87,0.0143
"731","boat",21.87,0.0559,5416.6667,1,21.87,0.0559
"732","boat",15.87,0.0897,3749.9999,1,15.87,0.0897
"733","charter",56.87,1.0905,5416.6667,0,21.87,0.0897
"734","boat",27.87,0.0559,7083.3317,1,27.87,0.0559
"735","pier",18.87,0.1498,4583.332,0,62.9,0.0233
"736","charter",50.87,1.0905,3749.9999,0,15.87,0.0897
"737","boat",18.87,0.0108,4583.332,1,18.87,0.0108
"738","boat",15.87,0.0897,3749.9999,1,15.87,0.0897
"739","charter",72.632,2.3014,1249.9998,0,47.632,0.6817
"740","charter",50.87,1.0905,3749.9999,0,15.87,0.0897
"741","charter",47.87,0.0209,2916.6666,0,12.87,0.0102
"742","charter",50.87,0.0209,3749.9999,0,15.87,0.0102
"743","beach",18.87,0.2537,4583.332,0,62.9,0.2339
"744","charter",45.37,0.1726,3749.9999,0,15.87,0.0732
"745","pier",15.87,0.1498,3749.9999,0,52.9,0.0233
"746","boat",9.87,0.0143,2083.3332,1,9.87,0.0143
"747","pier",9.87,0.1498,2083.3332,0,32.9,0.0233
"748","pier",9.87,0.1498,2083.3332,0,32.9,0.2339
"749","boat",15.87,0.0897,3749.9999,1,15.87,0.0897
"750","pier",12.87,0.1498,2916.6666,0,42.9,0.2339
"751","charter",44.87,0.6456,2083.3332,0,9.87,0.0559
"752","pier",12.87,0.1498,2916.6666,0,42.9,0.0233
"753","boat",33.87,0.0102,8750.001,1,33.87,0.0102
"754","charter",41.87,0.6456,1249.9998,0,6.87,0.0559
"755","boat",9.87,0.0897,2083.3332,1,9.87,0.0897
"756","boat",15.87,0.0102,3749.9999,1,15.87,0.0102
"757","beach",9.87,0.2537,2083.3332,0,32.9,0.2339
"758","boat",27.87,0.0102,7083.3317,1,27.87,0.0102
"759","charter",44.87,0.0209,2083.3332,0,9.87,0.0102
"760","beach",15.87,0.2537,3749.9999,0,52.9,0.2339
"761","boat",42.87,0.0102,11250.001,1,42.87,0.0102
"762","charter",47.87,0.6456,2916.6666,0,12.87,0.0559
"763","charter",44.87,0.6456,2083.3332,0,9.87,0.0559
"764","boat",15.87,0.0143,3749.9999,1,15.87,0.0143
"765","boat",21.87,0.0102,5416.6667,1,21.87,0.0102
"766","charter",50.87,1.0905,3749.9999,0,15.87,0.0897
"767","pier",12.87,0.1498,2916.6666,0,42.9,0.0233
"768","boat",21.87,0.1082,5416.6667,1,21.87,0.1082
"769","charter",47.87,0.2377,2916.6666,0,12.87,0.0108
"770","beach",9.87,0.2537,2083.3332,0,32.9,0.2339
"771","pier",12.87,0.1498,2916.6666,0,42.9,0.0233
"772","pier",3.87,0.1498,416.66668,0,12.9,0.2339
"773","charter",56.87,0.0209,5416.6667,0,21.87,0.0102
"774","charter",50.87,0.6456,3749.9999,0,15.87,0.0559
"775","beach",9.87,0.2537,2083.3332,0,32.9,0.0233
"776","pier",9.87,0.1498,2083.3332,0,32.9,0.0233
"777","charter",70.988,0.6288,5416.6667,0,52.488,0.2339
"778","charter",84.74,0.6456,6250.0013,0,49.74,0.0559
"779","boat",42.77,0.0361,2083.3332,1,42.77,0.0361
"780","charter",90.74,1.0905,7083.3317,0,55.74,0.0897
"781","charter",78.74,0.2377,5416.6667,0,43.74,0.0108
"782","charter",72.74,0.6456,4583.332,0,37.74,0.0559
"783","charter",61.24,0.324,3749.9999,0,31.74,0.1082
"784","charter",60.74,0.0209,2916.6666,0,25.74,0.0102
"785","boat",43.74,0.0897,5416.6667,1,43.74,0.0897
"786","pier",43.74,0.1498,5416.6667,0,52.488,0.2339
"787","boat",43.74,0.0559,5416.6667,1,43.74,0.0559
"788","charter",72.74,0.0209,4583.332,0,37.74,0.0102
"789","charter",84.74,0.6456,6250.0013,0,49.74,0.0559
"790","charter",55.24,0.0289,2916.6666,0,25.74,0.0143
"791","pier",25.74,0.1498,2916.6666,0,30.888,0.0082
"792","boat",25.74,0.0732,2916.6666,1,25.74,0.0732
"793","charter",78.74,0.0209,5416.6667,0,43.74,0.0102
"794","beach",125.902,0.5333,3749.9999,0,68.77,0.2413
"795","charter",66.74,1.0905,3749.9999,0,31.74,0.0897
"796","boat",37.74,0.0143,4583.332,1,37.74,0.0143
"797","charter",72.74,0.2377,4583.332,0,37.74,0.0108
"798","boat",31.74,0.0108,3749.9999,1,31.74,0.0108
"799","charter",84.74,0.6456,6250.0013,0,49.74,0.0559
"800","boat",43.74,0.0108,5416.6667,1,43.74,0.0108
"801","boat",13.74,0.0559,1249.9998,1,13.74,0.0559
"802","boat",25.74,0.0143,2916.6666,1,25.74,0.0143
"803","boat",6.87,0.0102,1249.9998,1,6.87,0.0102
"804","charter",47.87,0.6456,2916.6666,0,12.87,0.0559
"805","boat",9.87,0.0143,2083.3332,1,9.87,0.0143
"806","boat",24.87,0.0897,6250.0013,1,24.87,0.0897
"807","charter",41.87,0.6456,1249.9998,0,6.87,0.0559
"808","beach",24.87,0.2537,6250.0013,0,107.77,0.0082
"809","charter",45.37,0.1726,3749.9999,0,15.87,0.0732
"810","charter",44.87,0.6456,2083.3332,0,9.87,0.0559
"811","pier",12.87,0.1498,2916.6666,0,55.77,0.2339
"812","charter",47.87,0.6456,2916.6666,0,12.87,0.0559
"813","beach",27.87,0.2537,7083.3317,0,120.77,0.2339
"814","charter",47.87,1.0905,2916.6666,0,12.87,0.0897
"815","boat",47.37,0.0143,12499.998,1,47.37,0.0143
"816","boat",6.87,0.0143,1249.9998,1,6.87,0.0143
"817","boat",39.87,0.0143,10416.666,1,39.87,0.0143
"818","beach",36.87,0.2537,9583.3357,0,159.77,0.2339
"819","beach",12.87,0.2537,2916.6666,0,55.77,0.0082
"820","beach",6.87,0.2537,1249.9998,0,29.77,0.0233
"821","charter",39.37,0.324,2083.3332,0,9.87,0.1082
"822","beach",12.87,0.2537,2916.6666,0,55.77,0.2339
"823","boat",24.87,0.0102,6250.0013,1,24.87,0.0102
"824","boat",18.87,0.0102,4583.332,1,18.87,0.0102
"825","beach",12.87,0.2537,2916.6666,0,55.77,0.2339
"826","pier",3.87,0.1498,416.66668,0,16.77,0.0233
"827","charter",59.87,0.6456,6250.0013,0,24.87,0.0559
"828","beach",30.87,0.2537,7916.6663,0,133.77,0.0233
"829","pier",3.87,0.0014,416.66668,0,16.77,0.0626
"830","charter",56.87,0.0209,5416.6667,0,21.87,0.0102
"831","charter",53.87,0.0209,4583.332,0,18.87,0.0102
"832","charter",53.87,1.0905,4583.332,0,18.87,0.0897
"833","boat",47.37,0.0732,12499.998,1,47.37,0.0732
"834","charter",53.87,0.0209,4583.332,0,18.87,0.0102
"835","boat",33.87,0.0102,8750.001,1,33.87,0.0102
"836","boat",15.87,0.0559,3749.9999,1,15.87,0.0559
"837","boat",9.87,0.0143,2083.3332,1,9.87,0.0143
"838","charter",36.37,0.324,1249.9998,0,6.87,0.1082
"839","charter",47.87,0.0209,2916.6666,0,12.87,0.0102
"840","beach",24.87,0.2537,6250.0013,0,107.77,0.0233
"841","boat",12.87,0.1082,2916.6666,1,12.87,0.1082
"842","boat",21.87,0.0143,5416.6667,1,21.87,0.0143
"843","boat",15.87,0.0559,3749.9999,1,15.87,0.0559
"844","pier",12.87,0.1498,2916.6666,0,55.77,0.2339
"845","beach",21.87,0.2537,5416.6667,0,94.77,0.0233
"846","boat",9.87,0.1082,2083.3332,1,9.87,0.1082
"847","charter",56.87,0.0209,5416.6667,0,21.87,0.0102
"848","charter",56.87,0.6456,5416.6667,0,21.87,0.0559
"849","pier",24.87,0.1498,6250.0013,0,107.77,0.2339
"850","charter",47.87,1.0905,2916.6666,0,12.87,0.0897
"851","boat",3.87,0.0559,416.66668,1,3.87,0.0559
"852","charter",50.87,0.0209,3749.9999,0,15.87,0.0102
"853","boat",18.87,0.0143,4583.332,1,18.87,0.0143
"854","charter",78.196,2.3014,2916.6666,0,53.196,0.6817
"855","boat",6.87,0.0732,1249.9998,1,6.87,0.0732
"856","boat",21.87,0.0143,5416.6667,1,21.87,0.0143
"857","boat",6.87,0.0143,1249.9998,1,6.87,0.0143
"858","pier",12.87,0.1498,2916.6666,0,55.77,0.2339
"859","charter",140.808,0.5391,2083.3332,0,115.808,0.2601
"860","beach",15.87,0.2537,3749.9999,0,68.77,0.2339
"861","boat",33.87,0.0143,8750.001,1,33.87,0.0143
"862","boat",12.87,0.0102,2916.6666,1,12.87,0.0102
"863","charter",41.87,0.6456,1249.9998,0,6.87,0.0559
"864","boat",21.87,0.1082,5416.6667,1,21.87,0.1082
"865","pier",3.87,0.1498,416.66668,0,16.77,0.0233
"866","pier",21.87,0.1498,5416.6667,0,94.77,0.0233
"867","boat",12.87,0.0559,2916.6666,1,12.87,0.0559
"868","boat",27.87,0.0143,7083.3317,1,27.87,0.0143
"869","boat",3.87,0.0022,416.66668,1,3.87,0.0022
"870","boat",121.836,0.6817,2916.6666,1,121.836,0.6817
"871","beach",31.144,0.5333,1249.9998,0,70.532,0.0156
"872","boat",31.144,0.6817,1249.9998,1,31.144,0.6817
"873","beach",121.836,0.5333,2916.6666,0,203.346,0.0156
"874","charter",146.836,2.3014,2916.6666,0,121.836,0.6817
"875","pier",93.436,0.4522,2083.3332,0,155.946,0.2413
"876","boat",245.256,0.6817,7083.3317,1,245.256,0.6817
"877","charter",164.656,2.3014,3749.9999,0,139.656,0.6817
"878","charter",34.87,0.0052,2083.3332,0,9.87,0.0531
"879","boat",3.87,0.7369,416.66668,1,3.87,0.7369
"880","charter",37.87,2.3014,2916.6666,0,12.87,0.6817
"881","boat",24.87,0.0531,6250.0013,1,24.87,0.0531
"882","beach",9.87,0.5333,2083.3332,0,121.73,0.2413
"883","charter",28.87,2.3014,416.66668,0,3.87,0.6817
"884","boat",12.87,0.7369,2916.6666,1,12.87,0.7369
"885","beach",9.87,0.5333,2083.3332,0,121.73,0.2413
"886","pier",18.87,0.4522,4583.332,0,232.73,0.2413
"887","boat",27.87,0.0531,7083.3317,1,27.87,0.0531
"888","charter",34.87,2.3014,2083.3332,0,9.87,0.6817
"889","charter",43.87,0.0052,4583.332,0,18.87,0.0531
"890","boat",12.87,0.0531,2916.6666,1,12.87,0.0531
"891","boat",3.87,0.6817,416.66668,1,3.87,0.6817
"892","pier",3.87,0.4522,416.66668,0,47.73,0.2413
"893","beach",3.87,0.5333,416.66668,0,47.73,0.2413
"894","boat",9.87,0.6817,2083.3332,1,9.87,0.6817
"895","boat",27.87,0.6817,7083.3317,1,27.87,0.6817
"896","beach",15.87,0.5333,3749.9999,0,195.73,0.0156
"897","pier",12.87,0.4522,2916.6666,0,158.73,0.2413
"898","pier",9.87,0.4522,2083.3332,0,121.73,0.2413
"899","boat",12.87,0.0531,2916.6666,1,12.87,0.0531
"900","boat",12.87,0.7369,2916.6666,1,12.87,0.7369
"901","boat",9.87,0.0531,2083.3332,1,9.87,0.0531
"902","boat",57.246,0.0143,2083.3332,1,57.246,0.0143
"903","boat",12.87,0.6817,2916.6666,1,12.87,0.6817
"904","pier",9.87,0.4522,2083.3332,0,121.73,0.2413
"905","charter",37.87,2.3014,2916.6666,0,12.87,0.6817
"906","pier",6.87,0.4522,1249.9998,0,84.73,0.2413
"907","boat",6.87,0.0531,1249.9998,1,6.87,0.0531
"908","charter",40.87,2.3014,3749.9999,0,15.87,0.6817
"909","boat",92.046,0.0143,3749.9999,1,92.046,0.0143
"910","boat",12.87,0.6817,2916.6666,1,12.87,0.6817
"911","boat",12.87,0.0531,2916.6666,1,12.87,0.0531
"912","charter",34.87,2.3014,2083.3332,0,9.87,0.6817
"913","charter",127.046,0.6456,3749.9999,0,92.046,0.0559
"914","pier",9.87,0.4522,2083.3332,0,121.73,0.2413
"915","boat",24.87,0.6817,6250.0013,1,24.87,0.6817
"916","boat",24.87,0.6817,6250.0013,1,24.87,0.6817
"917","boat",18.87,0.0531,4583.332,1,18.87,0.0531
"918","boat",6.87,0.0531,1249.9998,1,6.87,0.0531
"919","boat",9.87,0.0531,2083.3332,1,9.87,0.0531
"920","beach",27.87,0.5333,7083.3317,0,343.73,0.2413
"921","charter",40.87,2.3014,3749.9999,0,15.87,0.6817
"922","boat",15.87,0.6817,3749.9999,1,15.87,0.6817
"923","boat",213.86,0.0361,4583.332,1,213.86,0.0361
"924","pier",7.896,0.4522,2083.3332,0,111.86,0.0156
"925","beach",12.696,0.5333,3749.9999,0,179.86,0.0051
"926","boat",5.496,0.7369,1249.9998,1,5.496,0.7369
"927","boat",7.896,0.6817,2083.3332,1,7.896,0.6817
"928","beach",19.896,0.5333,6250.0013,0,281.86,0.2413
"929","boat",12.696,0.7369,3749.9999,1,12.696,0.7369
"930","boat",7.896,0.7369,2083.3332,1,7.896,0.7369
"931","boat",22.296,0.6817,7083.3317,1,22.296,0.6817
"932","charter",35.296,2.3014,2916.6666,0,10.296,0.6817
"933","boat",37.896,0.0531,12499.998,1,37.896,0.0531
"934","beach",7.896,0.5333,2083.3332,0,111.86,0.2413
"935","boat",15.096,0.7369,4583.332,1,15.096,0.7369
"936","charter",40.096,2.3014,4583.332,0,15.096,0.6817
"937","beach",15.096,0.5333,4583.332,0,213.86,0.2413
"938","beach",10.296,0.5333,2916.6666,0,145.86,0.2413
"939","charter",47.296,0.0052,7083.3317,0,22.296,0.0531
"940","boat",10.296,0.7369,2916.6666,1,10.296,0.7369
"941","boat",10.296,0.6817,2916.6666,1,10.296,0.6817
"942","beach",15.096,0.5333,4583.332,0,213.86,0.2413
"943","boat",5.496,0.6817,1249.9998,1,5.496,0.6817
"944","boat",27.096,0.7369,8750.001,1,27.096,0.7369
"945","boat",12.696,0.7369,3749.9999,1,12.696,0.7369
"946","pier",77.86,0.0789,1249.9998,0,115.874,0.0014
"947","beach",17.496,0.5333,5416.6667,0,247.86,0.0156
"948","charter",35.296,2.3014,2916.6666,0,10.296,0.6817
"949","boat",17.496,0.6817,5416.6667,1,17.496,0.6817
"950","charter",32.896,2.3014,2083.3332,0,7.896,0.6817
"951","boat",45.198,0.6817,5416.6667,1,45.198,0.6817
"952","beach",26.598,0.5333,2916.6666,0,172.458,0.2413
"953","charter",51.598,2.3014,2916.6666,0,26.598,0.6817
"954","boat",38.998,0.6817,4583.332,1,38.998,0.6817
"955","charter",102.774,0.6456,2083.3332,0,67.774,0.0559
"956","pier",26.598,0.4522,2916.6666,0,172.458,0.2413
"957","beach",14.198,0.5333,1249.9998,0,92.058,0.2413
"958","charter",39.198,2.3014,1249.9998,0,14.198,0.6817
"959","charter",57.798,2.3014,3749.9999,0,32.798,0.6817
"960","pier",20.398,0.4522,2083.3332,0,132.258,0.0156
"961","charter",51.598,2.3014,2916.6666,0,26.598,0.6817
"962","boat",38.998,0.7369,4583.332,1,38.998,0.7369
"963","boat",26.598,0.0531,2916.6666,1,26.598,0.0531
"964","beach",32.798,0.5333,3749.9999,0,212.658,0.1665
"965","boat",26.598,0.6817,2916.6666,1,26.598,0.6817
"966","charter",63.998,0.0052,4583.332,0,38.998,0.0531
"967","boat",32.798,0.6817,3749.9999,1,32.798,0.6817
"968","charter",63.998,2.3014,4583.332,0,38.998,0.6817
"969","pier",26.598,0.4522,2916.6666,0,172.458,0.2413
"970","pier",26.598,0.4522,2916.6666,0,172.458,0.0156
"971","charter",63.998,2.3014,4583.332,0,38.998,0.6817
"972","boat",76.198,0.6817,9583.3357,1,76.198,0.6817
"973","boat",32.798,0.0531,3749.9999,1,32.798,0.0531
"974","pier",20.398,0.4522,2083.3332,0,132.258,0.2413
"975","boat",14.198,0.0531,1249.9998,1,14.198,0.0531
"976","pier",38.998,0.4522,4583.332,0,252.858,0.1665
"977","boat",38.998,0.6817,4583.332,1,38.998,0.6817
"978","pier",76.198,0.4522,9583.3357,0,494.058,0.2413
"979","beach",7.998,0.5333,416.66668,0,51.858,0.2413
"980","pier",9.87,0.4522,2083.3332,0,121.73,0.0156
"981","beach",14.476,0.2537,2083.3332,0,62.51,0.0233
"982","pier",2.322,0.4522,416.66668,0,55.47,0.2413
"983","boat",4.122,0.6817,1249.9998,1,4.122,0.6817
"984","boat",9.522,0.0531,3749.9999,1,9.522,0.0531
"985","charter",35.296,0.0052,2916.6666,0,10.296,0.0531
"986","pier",3.096,0.4522,416.66668,0,43.86,0.2413
"987","pier",7.896,0.4522,2083.3332,0,111.86,0.2413
"988","boat",12.696,0.7369,3749.9999,1,12.696,0.7369
"989","boat",7.896,0.6817,2083.3332,1,7.896,0.6817
"990","charter",28.096,2.3014,416.66668,0,3.096,0.6817
"991","charter",30.496,0.0052,1249.9998,0,5.496,0.0531
"992","boat",19.896,0.6817,6250.0013,1,19.896,0.6817
"993","boat",10.296,0.6817,2916.6666,1,10.296,0.6817
"994","pier",15.096,0.4522,4583.332,0,213.86,0.2413
"995","pier",10.296,0.4522,2916.6666,0,145.86,0.1665
"996","pier",5.496,0.4522,1249.9998,0,77.86,0.2413
"997","charter",30.496,2.3014,1249.9998,0,5.496,0.6817
"998","beach",17.496,0.5333,5416.6667,0,247.86,0.2413
"999","boat",5.496,0.0531,1249.9998,1,5.496,0.0531
"1000","boat",10.296,0.6817,2916.6666,1,10.296,0.6817
"1001","boat",12.696,0.0531,3749.9999,1,12.696,0.0531
"1002","pier",5.496,0.4522,1249.9998,0,77.86,0.2413
"1003","boat",3.096,0.0531,416.66668,1,3.096,0.0531
"1004","boat",15.096,0.0531,4583.332,1,15.096,0.0531
"1005","beach",76.176,0.2537,3749.9999,0,139.656,0.2339
"1006","boat",12.696,0.6817,3749.9999,1,12.696,0.6817
"1007","boat",37.896,0.0531,12499.998,1,37.896,0.0531
"1008","beach",5.496,0.5333,1249.9998,0,77.86,0.1665
"1009","pier",47.376,0.1498,2083.3332,0,86.856,0.2339
"1010","beach",7.896,0.5333,2083.3332,0,111.86,0.2413
"1011","boat",3.29,0.6817,2083.3332,1,3.29,0.6817
"1012","beach",3.29,0.5333,2083.3332,0,101.99,0.0051
"1013","beach",2.29,0.5333,1249.9998,0,70.99,0.1665
"1014","beach",1.29,0.5333,416.66668,0,39.99,0.2413
"1015","pier",6.29,0.4522,4583.332,0,194.99,0.2413
"1016","boat",41.262,0.0143,3749.9999,1,41.262,0.0143
"1017","boat",36.45,0.0531,5416.6667,1,36.45,0.0531
"1018","pier",49.062,0.1498,4583.332,0,149.702,0.0082
"1019","charter",56.45,2.3101,4583.332,0,31.45,0.7369
"1020","boat",16.45,0.6817,2083.3332,1,16.45,0.6817
"1021","boat",56.862,0.0102,5416.6667,1,56.862,0.0102
"1022","boat",33.462,0.0102,2916.6666,1,33.462,0.0102
"1023","beach",11.45,0.5333,1249.9998,0,67.326,0.2413
"1024","charter",131.726,1.0266,2083.3332,0,96.726,0.2413
"1025","boat",41.262,0.0143,3749.9999,1,41.262,0.0143
"1026","charter",76.45,2.3014,7916.6663,0,51.45,0.6817
"1027","boat",25.662,0.0102,2083.3332,1,25.662,0.0102
"1028","beach",26.45,0.5333,3749.9999,0,155.526,0.2413
"1029","charter",41.45,2.3014,2083.3332,0,16.45,0.6817
"1030","charter",51.45,2.3014,3749.9999,0,26.45,0.6817
"1031","beach",21.45,0.5333,2916.6666,0,126.126,0.2413
"1032","charter",46.45,0.0052,2916.6666,0,21.45,0.0531
"1033","boat",17.862,0.0897,1249.9998,1,17.862,0.0897
"1034","boat",21.45,0.7369,2916.6666,1,21.45,0.7369
"1035","pier",17.862,0.1498,1249.9998,0,54.502,0.0233
"1036","beach",11.45,0.5333,1249.9998,0,67.326,0.2413
"1037","charter",48.376,0.324,2916.6666,0,18.876,0.1082
"1038","charter",47.372,0.0052,2083.3332,0,22.372,0.0531
"1039","boat",36.476,0.0143,6250.0013,1,36.476,0.0143
"1040","boat",6.87,0.0531,1249.9998,1,6.87,0.0531
"1041","boat",6.87,0.6817,1249.9998,1,6.87,0.6817
"1042","charter",37.87,2.3014,2916.6666,0,12.87,0.6817
"1043","beach",15.87,0.5333,3749.9999,0,195.73,0.1665
"1044","charter",34.87,2.3101,2083.3332,0,9.87,0.7369
"1045","charter",40.87,0.0052,3749.9999,0,15.87,0.0531
"1046","charter",40.096,2.3101,4583.332,0,15.096,0.7369
"1047","charter",35.296,2.3014,2916.6666,0,10.296,0.6817
"1048","pier",7.896,0.4522,2083.3332,0,111.86,0.2413
"1049","pier",15.096,0.4522,4583.332,0,213.86,0.2413
"1050","boat",10.296,0.7369,2916.6666,1,10.296,0.7369
"1051","charter",246.074,0.0029,2916.6666,0,217.074,0.0014
"1052","boat",12.696,0.7369,3749.9999,1,12.696,0.7369
"1053","charter",35.296,2.3014,2916.6666,0,10.296,0.6817
"1054","pier",7.896,0.4522,2083.3332,0,111.86,0.2413
"1055","beach",12.696,0.5333,3749.9999,0,179.86,0.0156
"1056","charter",42.496,2.3014,5416.6667,0,17.496,0.6817
"1057","pier",7.896,0.4522,2083.3332,0,111.86,0.2413
"1058","charter",37.696,0.0052,3749.9999,0,12.696,0.0531
"1059","boat",52.488,0.0531,5416.6667,1,52.488,0.0531
"1060","pier",16.488,0.4522,1249.9998,0,97.096,0.2413
"1061","boat",45.288,0.6817,4583.332,1,45.288,0.6817
"1062","boat",30.888,0.7369,2916.6666,1,30.888,0.7369
"1063","charter",48.688,2.3101,2083.3332,0,23.688,0.7369
"1064","pier",30.888,0.4522,2916.6666,0,181.896,0.2413
"1065","boat",38.088,0.6817,3749.9999,1,38.088,0.6817
"1066","charter",55.888,2.3014,2916.6666,0,30.888,0.6817
"1067","pier",30.888,0.4522,2916.6666,0,181.896,0.2413
"1068","boat",38.088,0.7369,3749.9999,1,38.088,0.7369
"1069","charter",87.212,1.0905,1249.9998,0,52.212,0.0897
"1070","charter",84.688,2.3014,6250.0013,0,59.688,0.6817
"1071","charter",41.488,2.3014,1249.9998,0,16.488,0.6817
"1072","boat",23.688,0.6817,2083.3332,1,23.688,0.6817
"1073","boat",189.012,0.0897,6250.0013,1,189.012,0.0897
"1074","beach",30.888,0.5333,2916.6666,0,181.896,0.0156
"1075","boat",10.296,0.7369,2916.6666,1,10.296,0.7369
"1076","boat",76.176,0.1082,3749.9999,1,76.176,0.1082
"1077","pier",12.696,0.4522,3749.9999,0,179.86,0.2413
"1078","charter",30.496,2.3014,1249.9998,0,5.496,0.6817
"1079","charter",32.896,0.0052,2083.3332,0,7.896,0.0531
"1080","boat",5.496,0.7369,1249.9998,1,5.496,0.7369
"1081","pier",10.296,0.4522,2916.6666,0,145.86,0.2413
"1082","boat",76.176,0.0143,3749.9999,1,76.176,0.0143
"1083","charter",37.696,2.3014,3749.9999,0,12.696,0.6817
"1084","charter",35.296,2.3014,2916.6666,0,10.296,0.6817
"1085","charter",82.376,0.0209,2083.3332,0,47.376,0.0102
"1086","boat",37.896,0.7369,12499.998,1,37.896,0.7369
"1087","charter",37.696,2.3014,3749.9999,0,12.696,0.6817
"1088","charter",30.496,0.0052,1249.9998,0,5.496,0.0531
"1089","charter",35.296,2.3014,2916.6666,0,10.296,0.6817
"1090","boat",15.096,0.0531,4583.332,1,15.096,0.0531
"1091","boat",37.896,0.6817,12499.998,1,37.896,0.6817
"1092","boat",5.496,0.6817,1249.9998,1,5.496,0.6817
"1093","charter",32.896,2.3101,2083.3332,0,7.896,0.7369
"1094","beach",17.496,0.5333,5416.6667,0,247.86,0.2413
"1095","boat",30.888,0.7369,2916.6666,1,30.888,0.7369
"1096","pier",16.488,0.4522,1249.9998,0,97.096,0.2413
"1097","charter",48.688,0.0052,2083.3332,0,23.688,0.0531
"1098","charter",48.688,2.3014,2083.3332,0,23.688,0.6817
"1099","boat",5.922,0.6817,2083.3332,1,5.922,0.6817
"1100","boat",15.792,0.0531,2083.3332,1,15.792,0.0531
"1101","boat",20.592,0.0531,2916.6666,1,20.592,0.0531
"1102","pier",4.29,0.4522,2916.6666,0,132.99,0.2413
"1103","boat",6.29,0.0531,4583.332,1,6.29,0.0531
"1104","pier",8.29,0.4522,6250.0013,0,256.99,0.2413
"1105","beach",94.506,0.2537,6250.0013,0,193.986,8e-04
"1106","pier",1.29,0.4522,416.66668,0,39.99,0.0051
"1107","charter",28.29,2.3014,2083.3332,0,3.29,0.6817
"1108","charter",29.29,2.3014,2916.6666,0,4.29,0.6817
"1109","charter",28.29,2.3014,2083.3332,0,3.29,0.6817
"1110","charter",30.29,2.3014,3749.9999,0,5.29,0.6817
"1111","pier",3.29,0.4522,2083.3332,0,101.99,0.2413
"1112","charter",29.29,2.3014,2916.6666,0,4.29,0.6817
"1113","charter",27.29,2.3014,1249.9998,0,2.29,0.6817
"1114","charter",112.606,0.0289,5416.6667,0,83.106,0.0143
"1115","beach",6.29,0.5333,4583.332,0,194.99,0.2413
"1116","charter",29.29,2.3014,2916.6666,0,4.29,0.6817
"1117","pier",2.29,0.4522,1249.9998,0,70.99,0.2413
"1118","pier",6.29,0.4522,4583.332,0,194.99,0.0156
"1119","boat",15.79,0.7369,12499.998,1,15.79,0.7369
"1120","beach",4.29,0.5333,2916.6666,0,132.99,0.2413
"1121","beach",4.29,0.5333,2916.6666,0,132.99,0.2413
"1122","boat",48.906,0.0732,2916.6666,1,48.906,0.0732
"1123","beach",6.29,0.5333,4583.332,0,194.99,0.1665
"1124","beach",9.29,0.5333,7083.3317,0,287.99,0.2413
"1125","charter",30.29,2.3101,3749.9999,0,5.29,0.7369
"1126","pier",5.29,0.4522,3749.9999,0,163.99,0.2413
"1127","pier",4.29,0.4522,2916.6666,0,132.99,0.0156
"1128","boat",8.29,0.7369,6250.0013,1,8.29,0.7369
"1129","charter",30.29,0.0052,3749.9999,0,5.29,0.0531
"1130","boat",3.29,0.0531,2083.3332,1,3.29,0.0531
"1131","pier",3.29,0.4522,2083.3332,0,101.99,0.2413
"1132","charter",29.29,2.3101,2916.6666,0,4.29,0.7369
"1133","boat",10.29,0.7369,7916.6663,1,10.29,0.7369
"1134","boat",6.29,0.6817,4583.332,1,6.29,0.6817
"1135","pier",37.506,0.1498,2083.3332,0,76.986,0.0233
"1136","boat",37.506,0.0102,2083.3332,1,37.506,0.0102
"1137","pier",37.506,0.1498,2083.3332,0,76.986,0.0082
"1138","charter",29.29,2.3014,2916.6666,0,4.29,0.6817
"1139","boat",5.29,0.7369,3749.9999,1,5.29,0.7369
"1140","boat",6.29,0.6817,4583.332,1,6.29,0.6817
"1141","boat",6.29,0.6817,4583.332,1,6.29,0.6817
"1142","boat",132.99,0.0156,2916.6666,1,132.99,0.0156
"1143","boat",163.99,0.0361,3749.9999,1,163.99,0.0361
"1144","charter",29.29,2.3014,2916.6666,0,4.29,0.6817
"1145","pier",6.29,0.4522,4583.332,0,194.99,0.2413
"1146","charter",40.79,2.3101,12499.998,0,15.79,0.7369
"1147","charter",32.29,2.3014,5416.6667,0,7.29,0.6817
"1148","charter",32.29,2.3014,5416.6667,0,7.29,0.6817
"1149","pier",37.506,0.1498,2083.3332,0,76.986,0.0233
"1150","charter",33.29,2.3014,6250.0013,0,8.29,0.6817
"1151","boat",6.29,0.6817,4583.332,1,6.29,0.6817
"1152","boat",60.306,0.0102,3749.9999,1,60.306,0.0102
"1153","boat",6.29,0.0531,4583.332,1,6.29,0.0531
"1154","beach",105.906,0.2537,7083.3317,0,217.386,0.0233
"1155","boat",39.99,0.1574,416.66668,1,39.99,0.1574
"1156","pier",2.29,0.4522,1249.9998,0,70.99,0.2413
"1157","charter",33.29,2.3014,6250.0013,0,8.29,0.6817
"1158","pier",1.29,0.4522,416.66668,0,39.99,0.1665
"1159","boat",71.706,0.0559,4583.332,1,71.706,0.0559
"1160","beach",18.876,0.2537,2916.6666,0,81.51,0.2339
"1161","boat",27.676,0.0143,4583.332,1,27.676,0.0143
"1162","charter",74.572,2.3014,5416.6667,0,49.572,0.6817
"1163","boat",45.288,0.0531,4583.332,1,45.288,0.0531
"1164","pier",23.276,0.1498,3749.9999,0,100.51,0.0082
"1165","boat",69.476,0.0102,12499.998,1,69.476,0.0102
"1166","charter",55.888,2.3014,2916.6666,0,30.888,0.6817
"1167","pier",52.488,0.4522,5416.6667,0,309.096,0.0156
"1168","beach",23.688,0.5333,2083.3332,0,139.496,0.0156
"1169","charter",132.812,1.0905,2916.6666,0,97.812,0.0897
"1170","pier",23.688,0.4522,2083.3332,0,139.496,0.2413
"1171","boat",106.434,0.2413,5416.6667,1,106.434,0.2413
"1172","boat",155.802,0.0108,8750.001,1,155.802,0.0108
"1173","charter",63.902,0.0219,2083.3332,0,45.402,0.0233
"1174","beach",62.634,0.0678,2916.6666,0,123.552,0.0014
"1175","boat",86.802,0.0102,4583.332,1,86.802,0.0102
"1176","charter",149.402,0.0209,6250.0013,0,114.402,0.0102
"1177","beach",121.836,0.5333,2916.6666,0,203.346,0.2413
"1178","pier",150.236,0.4522,3749.9999,0,250.746,0.2413
"1179","beach",235.436,0.5333,6250.0013,0,392.946,0.2413
"1180","pier",65.036,0.4522,1249.9998,0,108.546,0.2413
"1181","beach",36.636,0.5333,416.66668,0,61.146,0.1665
"1182","boat",235.436,0.6817,6250.0013,1,235.436,0.6817
